{
  "B": -0.4549663647072147,
  "M": -3.14e+100,
  "E": -3.14e+100,
  "S": -1.0064050310887103
}