{
  "B": {
    "E": -0.15688576749263622,
    "M": -1.9296548803936417,
    "B": -3.14e+100,
    "S": -3.14e+100
  },
  "M": {
    "M": -1.1234066519886894,
    "E": -0.39329471477612615,
    "B": -3.14e+100,
    "S": -3.14e+100
  },
  "E": {
    "B": -0.7193584053611881,
    "S": -0.6676054725599591,
    "M": -3.14e+100,
    "E": -3.14e+100
  },
  "S": {
    "S": -0.8486876333654992,
    "B": -0.558574724262017,
    "M": -3.14e+100,
    "E": -3.14e+100
  }
}